"yearID","playerID","teamID","AB","R","H","2B","3B","HR","SB","CS","BB","SO","TB","GIDP","HBP","SH","SF","IBB"
"2018","adamja01","KCR","122","22","30","6","1","9","2","2","15","37","65","1","3","0","2","1"
"2018","adamsau02","WSN","4","0","1","0","0","0","0","0","3","0","1","0","0","0","0","0"
"2018","adamsch01","NYY","30","7","8","1","0","3","0","0","4","4","18","2","0","0","0","0"
"2018","alberma01","MIL","140","29","45","3","2","10","3","1","12","32","82","6","2","0","3","2"
"2018","alcansa01","MIA","117","13","25","8","0","3","1","2","23","30","42","2","2","2","2","0"
"2018","alcanvi01","DET","112","8","25","7","0","5","1","0","6","21","47","1","0","0","1","0"
"2018","alexasc02","LAD","238","28","57","9","2","4","4","3","27","56","82","15","2","1","0","2"
"2018","allarko01","ATL","41","12","19","2","0","3","0","0","4","3","30","1","1","1","0","0"
"2018","allenco01","CLE","251","35","58","10","1","11","2","0","33","80","103","5","4","1","0","2"
"2018","almonmi01","LAA","30","8","9","3","1","1","0","0","3","7","17","0","1","0","0","0"
"2018","almonye01","COL","55","5","15","5","0","1","1","1","4","14","23","4","0","0","1","0"
"2018","altavda01","SEA","68","7","11","2","0","2","2","0","15","23","19","3","2","0","0","0"
"2018","alvarjo03","TBR","229","21","42","10","1","1","2","0","29","80","57","3","1","2","2","4"
"2018","alvarjo02","LAA","235","20","51","14","1","3","3","1","22","59","76","6","2","2","0","2"
"2018","anderbr04","OAK","316","42","90","21","1","10","1","1","13","47","143","9","2","2","0","0"
"2018","anderch01","MIL","575","71","131","20","2","30","10","8","57","128","245","13","7","4","1","0"
"2018","anderdr02","PHI","55","7","17","7","0","0","3","0","2","11","24","1","2","0","0","0"
"2018","anderju01","LAA","196","25","42","3","0","3","3","2","40","67","54","9","4","0","0","3"
"2018","anderta01","PIT","45","10","15","3","0","1","1","0","8","6","21","3","1","2","0","2"
"2018","anderty01","COL","665","94","165","35","4","30","9","3","59","164","298","13","3","3","7","1"
"2018","andrima01","TBR","229","32","55","14","1","7","3","0","18","59","92","6","2","1","1","3"
"2018","andrima01","ARI","82","19","29","6","1","8","2","1","7","19","61","3","0","0","0","2"
"2018","aranovi01","PHI","226","19","54","10","2","6","5","2","17","60","86","4","1","0","2","4"
"2018","araujpe01","BAL","110","24","29","8","0","9","8","0","18","29","64","2","2","0","0","0"
"2018","archech01","TBR","377","50","102","23","0","11","6","3","31","102","158","10","4","0","1","0"
"2018","archech01","PIT","202","27","53","16","1","8","4","1","18","60","95","4","2","1","2","3"
"2018","arciafr01","LAA","13","3","5","0","0","2","0","0","0","0","11","1","0","0","0","0"
"2018","armstsh01","SEA","49","2","9","3","0","1","0","0","3","15","15","0","3","0","2","1"
"2018","arrieja01","PHI","649","93","165","34","1","21","15","6","57","138","264","22","7","1","8","0"
"2018","asheral01","MIL","12","0","2","1","0","0","0","0","1","2","3","0","0","0","0","0"
"2018","astudwi01","MIN","8","5","5","1","0","2","0","0","0","0","12","0","0","0","0","0"
"2018","avilaal01","ARI","7","0","1","0","0","0","0","0","0","0","1","0","0","0","0","0"
"2018","avilalu01","CHW","154","20","40","5","2","2","3","2","14","46","55","1","2","1","1","2"
"2018","avilalu01","PHI","21","2","4","2","0","1","1","0","4","5","9","0","0","0","0","1"
"2018","axforjo01","TOR","188","27","44","7","0","6","3","2","20","50","69","8","2","0","1","1"
"2018","axforjo01","LAD","18","8","8","3","1","0","0","0","2","4","13","0","1","0","1","0"
"2018","baezpe01","LAD","209","19","46","10","3","4","6","0","23","62","74","3","1","2","2","2"
"2018","baezsa01","DET","54","12","12","3","0","2","1","0","9","10","21","1","2","0","1","1"
"2018","baileho02","CIN","451","82","141","28","3","23","7","2","33","75","244","4","2","5","3","9"
"2018","bandaan01","TBR","51","6","12","3","1","1","0","0","3","10","20","2","0","1","1","0"
"2018","barbajo01","DET","29","9","11","1","0","3","0","0","5","2","21","0","1","1","0","1"
"2018","bardlu01","LAA","45","7","10","0","0","4","0","0","5","13","22","0","3","0","0","1"
"2018","barlosc01","KCR","62","7","16","2","0","2","0","0","3","15","24","0","0","0","0","0"
"2018","barneda02","TOR","165","28","47","16","1","6","14","1","22","38","83","3","1","0","2","1"
"2018","barneja01","MIL","192","24","51","6","2","4","7","1","23","47","73","5","0","1","1","2"
"2018","barnema01","BOS","230","25","47","10","1","5","6","1","31","96","74","2","2","0","2","1"
"2018","barneto01","TEX","97","11","19","8","0","2","1","0","5","26","33","2","2","0","0","0"
"2018","barraky01","MIA","203","27","40","7","0","8","6","1","34","60","71","4","5","2","1","3"
"2018","barreja01","ARI","28","4","8","1","1","1","0","0","2","6","14","1","0","0","0","0"
"2018","barrija01","LAA","483","50","117","24","1","17","2","5","47","98","194","13","6","0","0","0"
"2018","bashlty01","NYM","119","16","26","6","0","6","6","1","12","25","50","1","3","1","0","0"
"2018","bassan01","CHC","59","6","18","2","0","1","2","0","3","14","23","2","0","0","0","0"
"2018","bassich01","OAK","181","21","40","5","0","4","3","2","19","41","57","1","4","0","0","0"
"2018","bauertr01","CLE","645","51","134","30","2","9","11","7","57","221","195","7","9","3","3","2"
"2018","baumabu01","SDP","3","5","2","0","0","0","1","0","2","0","2","0","0","1","0","0"
"2018","baumabu01","NYM","16","8","7","3","0","1","0","0","5","4","13","0","0","0","0","2"
"2018","bautige01","NYM","18","6","8","4","0","2","0","0","5","3","18","0","0","0","2","0"
"2018","beckch02","CHW","89","11","24","7","0","5","0","2","11","16","46","1","1","0","1","0"
"2018","beckch02","NYM","37","6","10","1","0","3","2","2","9","5","20","1","0","0","0","0"
"2018","bedroca01","LAA","240","30","63","12","0","7","1","2","26","57","96","12","2","1","1","0"
"2018","beedety01","SFG","31","7","9","4","0","0","2","0","8","9","13","1","1","0","0","0"
"2018","beeksja02","BOS","29","9","11","4","1","1","0","0","4","5","20","1","1","0","0","0"
"2018","beeksja02","TBR","165","22","41","9","0","5","0","0","20","37","65","7","2","1","1","0"
"2018","belisma01","CLE","41","6","9","3","0","1","1","0","1","4","15","0","2","0","0","0"
"2018","belisma01","MIN","105","26","40","10","0","5","2","0","10","21","65","3","1","1","1","1"
"2018","belivje01","CLE","20","6","7","1","0","2","0","0","5","2","14","1","1","0","0","0"
"2018","bellch02","DET","33","7","14","4","0","1","0","0","2","7","21","2","0","0","1","1"
"2018","bergmch01","SEA","52","9","12","3","0","4","0","0","3","7","27","1","0","1","1","0"
"2018","berrijo01","MIN","717","83","159","31","1","25","8","3","61","202","267","11","13","2","4","1"
"2018","betande01","NYY","237","22","44","6","0","7","13","2","26","115","71","3","5","3","1","2"
"2018","bettich01","COL","456","72","121","28","2","18","0","2","47","80","207","12","5","5","5","3"
"2018","biagijo01","TOR","297","50","96","17","1","14","10","4","24","53","157","11","6","0","1","0"
"2018","bibenau01","TEX","182","33","56","12","1","9","1","1","14","33","97","4","5","2","0","0"
"2018","biddlje01","ATL","229","26","50","9","0","6","2","2","31","67","77","8","3","2","1","5"
"2018","biebesh01","CLE","456","60","130","40","2","13","4","2","23","118","213","9","2","0","4","0"
"2018","blachty01","SFG","461","62","133","23","2","8","3","3","41","75","184","18","1","8","1","4"
"2018","blackra01","SFG","82","16","17","4","1","4","4","2","10","33","35","2","1","2","0","0"
"2018","blackpa01","OAK","109","23","33","8","1","2","3","2","6","19","49","2","2","0","2","0"
"2018","blandal01","CIN","4","0","1","0","0","0","0","0","0","2","1","0","0","0","0","0"
"2018","bleicje01","OAK","3","2","2","2","0","0","0","0","0","1","4","0","1","0","0","0"
"2018","bleieri01","BAL","126","7","36","6","2","0","1","0","4","15","46","5","1","0","2","1"
"2018","blevije01","NYM","160","24","36","9","0","6","4","3","22","41","63","1","5","0","1","1"
"2018","borucry01","TOR","375","48","96","18","5","7","16","3","33","67","145","12","2","3","2","3"
"2018","bowmama01","STL","94","16","29","5","1","4","0","0","11","26","48","2","1","2","1","3"
"2018","boxbebr01","ARI","199","30","44","7","1","9","5","0","32","71","80","4","1","2","1","4"
"2018","boydma01","DET","639","87","146","33","1","27","18","2","51","159","262","8","11","2","6","0"
"2018","boyerbl01","KCR","93","33","32","7","2","7","1","2","13","9","64","1","0","0","3","3"
"2018","brachbr01","BAL","165","24","50","13","0","4","3","0","19","38","75","4","0","1","0","1"
"2018","brachbr01","ATL","93","8","22","2","1","1","5","1","9","22","29","0","1","0","1","1"
"2018","brachsi01","ARI","112","12","25","7","1","2","3","1","12","34","40","2","3","1","1","2"
"2018","bradfch02","SEA","210","23","55","8","1","9","6","1","14","38","92","3","5","0","2","1"
"2018","bradlar01","ARI","271","30","62","12","1","9","4","0","20","75","103","6","4","1","0","1"
"2018","brasiry01","BOS","111","6","19","3","1","2","0","1","7","29","30","3","0","1","5","0"
"2018","braulst01","PIT","344","51","84","18","0","10","4","5","57","82","132","9","8","3","1","4"
"2018","brebbjo01","STL","190","18","43","9","1","5","3","2","16","60","69","3","0","1","2","2"
"2018","breweco01","SDP","42","10","15","3","0","0","1","0","7","10","18","2","0","0","0","0"
"2018","briceau01","CIN","144","26","39","9","1","9","3","1","13","32","77","3","3","1","1","6"
"2018","bridwpa01","LAA","32","13","14","1","0","5","0","0","2","3","30","1","0","1","1","0"
"2018","brighje01","MIA","59","11","16","5","0","2","2","0","13","12","27","2","2","0","3","0"
"2018","brittza01","BAL","52","6","11","3","0","1","0","0","10","13","17","2","1","0","0","0"
"2018","brittza01","NYY","92","10","18","1","0","2","3","0","11","21","25","3","2","0","1","0"
"2018","brookaa01","OAK","8","0","1","0","0","0","0","0","2","1","1","1","0","0","0","0"
"2018","brothre01","ATL","0","1","0","0","0","0","0","0","2","0","0","0","0","0","0","0"
"2018","buchhcl01","ARI","363","25","80","19","1","9","0","0","22","81","128","9","3","0","4","1"
"2018","buchtry01","OAK","146","17","32","8","0","4","0","2","15","41","52","0","0","1","1","1"
"2018","buehlwa01","LAD","493","43","95","17","0","12","3","3","37","151","148","5","6","2","3","1"
"2018","bumgama01","SFG","495","51","118","27","3","14","13","0","43","109","193","9","5","5","3","3"
"2018","bummeaa01","CHW","133","19","40","5","1","1","4","1","10","35","50","5","1","0","0","0"
"2018","bundydy01","BAL","685","116","188","39","4","41","17","5","54","184","358","13","6","3","2","1"
"2018","burdini01","PIT","8","4","3","0","0","1","0","0","2","2","6","0","0","0","0","0"
"2018","burneco01","MIL","136","11","27","5","0","4","4","1","11","35","44","3","3","1","1","2"
"2018","burrry01","CHW","36","8","12","3","0","3","2","1","6","6","24","2","1","1","0","1"
"2018","busenal01","MIN","109","25","37","7","0","8","3","0","14","26","68","2","2","0","1","0"
"2018","bushma01","TEX","90","13","23","8","1","3","1","0","14","19","42","0","2","0","2","0"
"2018","buterdr01","KCR","3","2","2","0","0","0","0","0","3","0","2","0","0","0","0","0"
"2018","butleed01","CHC","66","10","16","1","0","1","0","1","7","11","20","1","0","1","1","0"
"2018","butleed01","TEX","136","24","43","6","1","10","0","1","12","18","81","2","2","0","3","1"
"2018","buttrty01","LAA","63","7","15","4","0","0","3","0","5","20","19","0","0","1","1","0"
"2018","cahiltr01","OAK","397","52","90","20","2","8","15","7","41","100","138","9","5","3","3","0"
"2018","caratvi01","CHC","8","2","3","0","0","1","0","0","0","0","6","1","0","0","0","0"
"2018","carlesh01","ATL","226","22","50","15","0","2","5","0","27","43","71","9","1","1","4","7"
"2018","carpery01","DET","98","19","34","5","0","8","1","1","4","15","63","1","3","0","2","0"
"2018","carraca01","CLE","726","78","173","31","6","21","15","4","43","231","279","11","6","4","5","4"
"2018","carroco01","BAL","71","17","21","2","0","6","2","0","13","16","41","2","0","0","0","0"
"2018","cashnan01","BAL","609","97","177","44","3","25","6","7","65","99","302","13","3","1","3","3"
"2018","garcija01","OAK","106","11","18","6","0","0","8","1","20","22","24","3","4","0","2","0"
"2018","castidi01","TBR","202","21","36","7","0","6","1","2","18","65","61","1","2","0","0","0"
"2018","castijo03","SDP","135","14","23","4","0","3","3","1","12","52","36","0","3","0","0","1"
"2018","castilu02","CIN","645","89","158","36","0","28","4","1","49","165","278","13","5","3","6","1"
"2018","castrmi01","BAL","318","41","75","13","1","9","8","3","50","57","117","13","5","0","3","7"
"2018","cecilbr01","STL","129","27","39","6","2","5","7","1","25","19","64","3","0","0","3","5"
"2018","cedenxa01","CHW","93","9","19","5","1","1","0","0","13","28","29","3","0","0","0","1"
"2018","cedenxa01","MIL","31","1","7","0","0","0","0","0","3","6","7","0","0","0","0","0"
"2018","cessalu01","NYY","181","27","51","12","0","5","0","0","13","39","78","3","0","1","0","0"
"2018","chacijh01","MIL","697","83","153","32","5","18","8","5","71","156","249","12","11","8","9","3"
"2018","chafian01","ARI","181","18","41","11","1","0","5","3","25","53","54","3","2","0","3","1"
"2018","chapmar01","NYY","177","15","24","8","0","2","3","0","30","93","38","0","5","0","0","0"
"2018","chargjt01","LAD","117","13","26","6","0","4","5","2","15","40","44","2","2","1","0","3"
"2018","chatwty01","CHC","375","62","92","16","2","9","9","2","95","85","139","15","7","5","4","1"
"2018","chaveje01","TEX","221","23","58","9","1","10","1","1","12","50","99","5","0","0","1","1"
"2018","chaveje01","CHC","137","5","26","1","0","3","1","0","5","42","36","4","0","0","1","0"
"2018","chenwe02","MIA","511","75","131","31","1","19","4","1","47","111","221","6","1","5","7","6"
"2018","chiriyo01","TBR","331","40","84","16","2","7","1","0","25","75","125","12","5","2","7","2"
"2018","cimbead01","SDP","177","19","42","10","3","2","4","1","10","51","64","6","2","1","2","3"
"2018","cimbead01","CLE","80","9","26","9","0","3","1","0","7","7","44","6","4","1","0","6"
"2018","cingrto01","LAD","86","12","19","5","0","2","0","0","6","36","30","0","3","0","0","1"
"2018","cishest01","CHC","248","19","45","8","4","5","0","1","28","78","76","4","9","2","1","4"
"2018","claudal01","TEX","277","35","91","20","3","4","5","3","13","41","129","11","3","3","3","3"
"2018","clevimi01","CLE","737","71","164","36","3","21","15","3","67","207","269","15","4","0","1","0"
"2018","clippty01","TOR","256","29","57","14","0","13","8","2","23","85","110","1","2","2","2","0"
"2018","cloydty01","MIA","76","17","25","8","1","3","0","0","10","13","44","1","1","0","0","2"
"2018","cobbal01","BAL","606","93","172","38","5","24","3","6","43","102","292","16","4","2","6","5"
"2018","coleaj01","WSN","45","15","16","3","1","6","0","0","6","10","39","0","0","2","0","0"
"2018","coleaj01","NYY","151","23","39","8","0","9","1","0","16","49","74","2","0","0","1","1"
"2018","colege01","HOU","723","68","143","36","2","19","14","5","64","276","240","11","7","2","3","0"
"2018","coleta01","LAA","118","11","20","4","0","3","0","1","12","39","33","6","3","1","1","0"
"2018","colemlo01","DET","183","21","43","10","0","5","0","0","24","41","68","9","6","1","3","2"
"2018","colliti01","WSN","87","11","23","3","0","5","2","1","12","21","41","3","0","0","0","0"
"2018","colomal01","TBR","88","12","24","6","1","1","1","0","8","23","35","2","0","0","1","1"
"2018","colomal01","SEA","169","14","35","2","0","6","0","0","13","49","55","4","3","0","0","1"
"2018","colonba01","TEX","591","97","172","35","10","32","1","1","25","81","323","6","3","1","8","1"
"2018","conlead01","MIA","179","25","37","11","1","5","0","1","18","50","65","7","1","1","3","1"
"2018","conlopj01","NYM","36","7","15","5","0","2","0","0","2","5","26","1","0","0","0","0"
"2018","cookry01","SEA","64","10","15","2","0","4","4","0","7","23","29","0","3","1","1","1"
"2018","copelsc01","NYM","5","0","1","0","0","0","0","0","0","2","1","0","0","0","0","0"
"2018","corbipa01","ARI","742","70","162","43","0","15","10","2","48","246","250","11","5","3","2","3"
"2018","corcida01","LAD","14","2","2","0","0","0","0","0","3","1","2","0","1","0","0","0"
"2018","cordeji01","WSN","80","13","23","3","0","2","3","0","12","12","32","2","2","0","0","2"
"2018","cortene01","BAL","22","4","10","2","0","2","0","1","4","3","18","1","0","0","0","0"
"2018","couloda01","OAK","86","13","24","3","0","5","1","2","11","26","42","6","0","0","1","0"
"2018","coveydy01","CHW","480","81","129","17","2","13","11","2","52","91","189","9","2","5","3","4"
"2018","crickky01","PIT","223","18","45","7","0","3","9","2","23","65","61","1","7","1","1","3"
"2018","crockky01","CIN","44","8","16","4","0","1","2","0","2","11","23","1","0","0","0","1"
"2018","cruzrh01","TOR","13","1","3","2","0","0","0","0","2","4","5","0","0","0","0","0"
"2018","cuetojo01","SFG","193","19","46","7","0","8","0","0","13","38","77","6","5","3","0","0"
"2018","cuevawi01","BOS","68","14","20","6","0","3","0","2","11","20","35","1","4","1","0","0"
"2018","culbech01","ATL","5","1","2","1","0","0","0","0","0","0","3","0","0","0","0","0"
"2018","cumptbr01","TOR","8","1","3","2","0","0","0","0","2","2","5","0","0","0","0","0"
"2018","curtiza01","PHI","32","2","6","1","0","0","0","0","10","10","7","1","1","0","1","1"
"2018","curtiza01","TEX","24","8","6","2","0","1","0","0","9","8","11","0","0","0","2","1"
"2018","curtijo02","MIN","26","4","8","5","0","0","2","0","4","7","13","0","0","0","0","1"
"2018","darnach01","SFG","4","0","1","0","0","0","0","0","0","0","1","0","0","0","0","0"
"2018","danisty01","CHW","25","5","8","0","0","2","0","1","4","5","14","0","1","0","1","0"
"2018","darviyu01","CHC","153","24","36","8","0","7","6","1","21","49","65","1","4","1","1","0"
"2018","davidma02","CHW","10","0","1","0","0","0","0","0","1","2","1","0","0","0","0","0"
"2018","davieza02","MIL","249","36","67","12","3","8","0","4","21","49","109","8","4","0","5","3"
"2018","davisau01","PHI","132","20","35","13","2","4","5","0","12","38","64","3","2","1","4","1"
"2018","davisjd01","HOU","4","1","1","0","0","1","0","0","0","1","4","0","0","0","0","0"
"2018","daviswa01","COL","233","31","43","7","3","8","8","0","26","78","80","4","2","0","0","0"
"2018","dejonch01","MIN","68","9","18","4","1","3","0","1","6","13","33","3","0","0","0","0"
"2018","rosajo01","ARI","133","19","37","7","0","6","3","0","19","27","62","8","1","3","2","3"
"2018","rosajo01","CHC","77","6","14","2","1","0","1","0","8","20","18","1","0","0","0","1"
"2018","delosen01","PHI","70","10","19","5","2","2","0","1","8","15","34","2","1","1","1","0"
"2018","deetzde01","HOU","13","2","4","1","0","1","0","0","1","3","8","0","1","0","0","0"
"2018","degroja01","NYM","776","48","152","27","3","10","15","8","46","269","215","13","5","3","5","3"
"2018","delgara01","ARI","45","6","11","1","0","3","2","0","6","5","21","1","0","0","0","2"
"2018","descada01","ARI","14","3","4","1","0","2","0","0","1","2","11","0","0","0","0","0"
"2018","desclan01","CIN","443","68","118","20","1","24","4","5","30","108","212","7","2","5","4","2"
"2018","despaod01","MIA","79","16","22","6","0","1","0","0","8","18","31","2","1","1","2","1"
"2018","despaod01","LAA","83","18","30","6","0","3","1","0","11","17","45","2","1","0","2","0"
"2018","detwiro01","SEA","20","3","8","0","0","1","0","0","2","2","11","5","0","0","1","0"
"2018","devench02","HOU","178","23","42","6","0","9","8","0","13","51","75","3","3","1","1","1"
"2018","diazed04","SEA","257","17","41","4","1","5","5","2","17","124","62","2","6","0","0","0"
"2018","diazmi02","SDP","71","11","16","7","0","2","2","0","12","30","29","0","0","0","2","2"
"2018","diekmja01","TEX","144","18","31","7","1","2","2","1","23","48","46","6","3","0","2","1"
"2018","diekmja01","ARI","60","15","18","4","0","2","0","1","8","18","28","1","3","0","0","1"
"2018","dixonbr01","CIN","4","0","0","0","0","0","0","0","0","1","0","0","0","0","0","0"
"2018","dominse01","PHI","204","19","32","7","0","4","1","0","22","74","51","3","4","0","1","2"
"2018","doolise01","WSN","155","8","21","3","0","3","4","2","6","60","33","1","2","0","0","1"
"2018","drakeol01","MIL","49","9","14","6","0","0","0","0","8","15","20","2","0","1","0","1"
"2018","drakeol01","CLE","20","6","7","2","0","0","0","0","1","4","9","0","1","0","0","0"
"2018","drakeol01","LAA","39","5","15","2","0","2","0","1","1","8","23","1","0","0","0","0"
"2018","drakeol01","TOR","9","3","4","2","1","0","0","0","0","2","8","0","0","0","0","0"
"2018","drakeol01","MIN","73","6","12","2","0","2","2","0","7","22","20","1","0","0","0","0"
"2018","duensbr01","CHC","147","33","42","8","0","6","2","0","29","24","68","5","1","1","3","2"
"2018","duffety01","MIN","100","22","26","8","1","6","0","0","4","19","54","2","1","0","2","0"
"2018","duffyda01","KCR","610","86","161","24","3","23","5","2","70","141","260","6","4","2","6","1"
"2018","dukeza01","MIN","156","19","44","3","2","0","0","0","15","39","51","2","5","1","1","4"
"2018","dukeza01","SEA","54","9","13","6","0","1","0","0","6","12","22","2","1","1","0","0"
"2018","dullry01","OAK","91","12","22","1","1","3","0","2","7","21","34","3","0","1","1","0"
"2018","dunnmi01","COL","64","17","22","4","1","1","0","1","18","12","31","4","0","0","1","0"
"2018","dysonsa01","SFG","246","23","56","16","1","5","14","5","20","56","89","13","3","1","3","1"
"2018","edwarca01","CHC","189","17","36","8","1","2","10","0","32","67","52","2","0","1","0","1"
"2018","edwarjo02","CLE","33","4","6","2","0","2","0","0","4","10","14","0","0","0","0","0"
"2018","eflinza01","PHI","499","69","130","34","2","16","10","3","37","123","216","5","3","5","4","4"
"2018","eickhje01","PHI","26","4","10","4","0","1","0","0","0","11","17","0","0","0","0","0"
"2018","eliasro01","SEA","190","17","46","12","2","1","6","0","16","34","65","4","1","0","3","1"
"2018","eovalna01","TBR","213","27","48","6","2","11","1","1","8","53","91","5","1","0","2","1"
"2018","eovalna01","BOS","214","28","57","13","1","3","2","0","12","48","81","5","2","1","2","0"
"2018","erlinro01","SDP","419","57","112","20","2","12","5","3","12","88","172","11","0","3","5","0"
"2018","ervinph01","CIN","1","0","0","0","0","0","0","0","0","0","0","0","0","0","0","0"
"2018","estrama01","TOR","566","91","155","49","2","29","10","4","50","103","295","5","2","1","7","0"
"2018","familje01","NYM","154","13","36","7","1","1","3","1","14","43","48","2","2","0","1","1"
"2018","familje01","OAK","117","13","24","4","0","2","0","0","14","40","34","1","0","0","0","0"
"2018","fariaja01","TBR","242","39","60","14","2","9","3","1","33","50","105","6","3","0","3","1"
"2018","farmebu01","DET","263","34","67","20","0","6","4","3","41","57","105","8","1","1","2","1"
"2018","farquda01","CHW","28","5","6","2","0","3","0","0","0","9","17","1","0","0","1","0"
"2018","farrelu01","CHC","123","22","30","4","1","7","1","0","16","39","57","1","1","0","1","2"
"2018","feddeer01","WSN","192","31","55","13","1","8","6","3","22","46","94","7","0","1","2","1"
"2018","felizmi01","PIT","188","33","49","12","1","6","1","1","23","55","81","1","3","0","3","0"
"2018","ferguca01","LAD","187","21","43","4","2","8","1","0","12","59","75","4","3","0","0","1"
"2018","fernajo04","TOR","41","7","10","2","0","2","0","1","4","6","18","0","0","0","0","0"
"2018","festama01","SEA","37","2","13","4","0","0","2","0","2","4","17","0","1","0","0","0"
"2018","fieldjo04","TBR","3","0","0","0","0","0","0","0","1","0","0","0","0","0","0","0"
"2018","fieldjo03","LAD","143","10","28","6","0","4","1","0","11","33","46","3","0","0","0","1"
"2018","fiersmi01","DET","469","49","121","22","3","20","7","3","26","87","209","5","5","1","1","1"
"2018","fiersmi01","OAK","197","22","45","10","0","12","6","1","11","52","91","4","3","0","1","0"
"2018","fillmhe01","KCR","306","41","78","10","0","11","3","1","32","57","121","12","2","0","4","0"
"2018","finnebr01","CIN","85","20","27","5","0","5","6","0","15","14","47","2","0","0","3","2"
"2018","fistedo01","TEX","263","40","73","14","0","11","3","0","19","40","120","8","6","0","1","0"
"2018","flaheja01","STL","542","59","108","17","1","20","4","0","59","182","187","14","11","2","1","3"
"2018","flexech01","NYM","33","13","14","5","0","2","0","0","6","3","25","1","1","0","0","1"
"2018","floripe01","PHI","7","2","1","0","0","1","0","0","1","0","4","0","0","0","0","0"
"2018","florody01","CIN","142","12","39","10","1","2","5","1","12","27","57","3","0","2","3","3"
"2018","florody01","LAD","99","5","18","2","0","1","1","0","11","31","23","2","1","1","0","3"
"2018","flynnbr01","KCR","295","37","87","17","2","5","1","0","35","47","123","16","3","1","2","3"
"2018","foltymi01","ATL","666","65","130","25","5","17","3","1","68","202","216","11","6","2","1","3"
"2018","fontwi01","LAD","47","13","18","1","0","5","0","1","1","7","34","0","0","0","0","1"
"2018","fontwi01","OAK","33","11","13","2","0","5","0","0","4","9","30","0","0","0","0","0"
"2018","fontwi01","TBR","95","5","15","3","1","2","1","0","11","20","26","2","1","0","0","0"
"2018","frareca01","CHW","26","4","6","0","0","0","0","0","4","9","6","0","1","0","0","0"
"2018","freelky01","COL","757","64","182","26","6","17","9","1","70","173","271","24","6","5","6","2"
"2018","freemsa01","ATL","179","26","41","7","0","3","4","1","32","58","57","8","2","1","2","2"
"2018","friedma01","ATL","116","12","26","3","1","3","3","2","20","44","40","4","2","2","2","0"
"2018","fryja01","CHW","191","28","37","5","1","4","2","0","20","70","56","1","1","2","0","0"
"2018","frypa01","BAL","140","20","33","4","0","1","1","2","15","36","40","6","4","0","0","0"
"2018","fulmeca01","CHW","132","32","37","7","1","8","1","0","24","29","70","1","5","1","2","0"
"2018","fulmemi01","DET","504","75","128","31","2","19","1","4","46","110","220","14","5","1","2","1"
"2018","gagnodr01","NYM","47","11","15","0","0","2","0","0","5","8","21","2","2","2","0","0"
"2018","gallayo01","CIN","15","8","8","1","1","1","2","0","4","2","14","0","0","0","0","0"
"2018","gallayo01","TEX","355","60","99","21","5","13","2","2","43","56","169","19","2","1","1","2"
"2018","gallegi01","NYY","36","5","10","2","0","2","1","2","3","10","18","1","0","1","0","0"
"2018","gallegi01","STL","5","0","1","0","0","0","0","0","0","2","1","0","0","0","0","0"
"2018","gantjo01","STL","422","54","91","20","2","9","5","1","57","95","142","7","2","2","4","3"
"2018","garcigr01","STL","3","0","1","0","0","0","0","0","0","0","1","1","0","0","0","0"
"2018","garcija02","TOR","291","53","76","21","2","13","7","3","38","69","140","6","3","1","2","1"
"2018","garcija02","CHC","27","4","6","0","0","0","3","0","6","4","6","1","0","1","0","1"
"2018","garcija04","MIA","247","37","59","9","1","16","5","2","28","40","118","8","0","1","2","3"
"2018","garcilu03","PHI","181","31","49","10","3","4","4","0","18","51","77","5","4","0","1","1"
"2018","garciyi01","LAD","95","18","29","6","1","7","0","0","4","19","58","0","2","0","0","1"
"2018","gardeni01","TEX","21","2","7","2","1","0","0","0","0","4","11","0","1","0","1","0"
"2018","garream01","CIN","234","30","56","15","1","8","1","1","25","71","97","7","3","1","1","3"
"2018","garvemi01","MIN","4","0","1","0","0","0","0","0","0","0","1","0","0","0","0","0"
"2018","gausmke01","BAL","495","62","139","30","2","21","6","2","32","104","236","11","5","0","2","0"
"2018","gausmke01","ATL","220","23","50","9","1","5","5","1","18","44","76","4","2","0","2","1"
"2018","gavigsa01","TOR","498","77","140","25","3","21","18","5","38","105","234","3","4","4","4","1"
"2018","gearrco01","SFG","120","14","33","6","0","5","4","0","13","31","54","2","3","1","0","1"
"2018","gearrco01","TEX","74","6","13","2","0","2","3","0","6","20","21","2","2","0","0","0"
"2018","gearrco01","OAK","26","4","10","2","1","0","1","0","2","2","14","0","1","0","0","0"
"2018","germado01","NYY","335","55","81","19","4","15","7","0","33","102","153","2","5","0","2","0"
"2018","gibsoky01","MIN","733","88","177","30","3","23","3","4","79","179","282","23","4","3","7","2"
"2018","gileske01","HOU","126","17","36","9","1","2","1","0","3","31","53","2","0","0","0","0"
"2018","gileske01","TOR","77","11","18","2","1","4","3","0","4","22","34","1","1","1","0","0"
"2018","gilmase01","BAL","100","9","23","6","0","4","2","0","11","15","41","4","2","0","0","0"
"2018","gimench01","CHC","5","3","2","0","0","1","0","0","1","1","5","0","0","0","0","0"
"2018","gimench01","MIN","9","5","6","0","0","2","0","0","0","1","12","0","0","0","0","0"
"2018","giolilu01","CHW","664","123","166","40","4","27","26","4","90","125","295","15","15","1","5","2"
"2018","givenmy01","BAL","280","37","61","12","3","4","6","2","30","79","91","4","3","1","3","4"
"2018","glasnty01","PIT","208","28","47","11","1","5","8","3","34","72","75","5","1","0","0","2"
"2018","glasnty01","TBR","202","27","42","7","0","10","13","3","19","64","79","2","3","0","1","1"
"2018","gloveko01","WSN","60","6","13","1","0","1","0","0","10","9","17","1","0","0","1","1"
"2018","godleza01","ARI","682","103","177","32","4","16","7","5","81","185","265","14","12","8","8","2"
"2018","goedder01","SEA","24","1","4","0","0","0","1","0","5","9","4","2","0","0","0","1"
"2018","goedder01","LAD","109","11","22","2","0","4","5","0","15","35","36","0","1","0","1","2"
"2018","goharlu01","ATL","72","13","16","4","1","3","0","0","8","18","31","0","0","1","1","0"
"2018","gombeau01","STL","292","40","81","18","3","7","1","2","32","67","126","8","4","4","2","4"
"2018","gomezca01","TBR","1","3","0","0","0","0","0","0","4","0","0","0","0","0","0","0"
"2018","gomezje01","CHW","99","15","29","7","0","3","2","1","10","27","45","0","1","1","3","1"
"2018","gomezro01","SFG","47","11","20","4","0","0","1","1","1","8","24","0","1","0","0","0"
"2018","gonsast01","MIN","99","22","28","4","1","2","0","2","22","16","40","2","1","0","0","0"
"2018","gonzama02","SEA","643","76","172","39","2","17","4","5","32","145","266","23","6","1","4","0"
"2018","gonzagi01","WSN","563","77","153","38","0","15","4","5","70","126","236","11","2","3","8","2"
"2018","gonzagi01","MIL","89","7","14","2","1","2","1","1","10","22","24","1","0","0","1","0"
"2018","gonzame01","MIA","95","14","31","3","1","4","1","0","8","19","48","2","0","0","0","1"
"2018","gonzami03","CHW","60","18","24","7","2","4","0","1","6","5","47","0","0","0","0","0"
"2018","goodyni01","CLE","52","9","15","5","1","4","0","0","5","12","34","0","1","0","0","1"
"2018","gosseda01","OAK","93","14","25","6","0","5","2","0","8","12","46","3","1","0","0","0"
"2018","gotttr01","WSN","70","13","19","4","0","4","3","1","10","15","35","3","2","0","2","1"
"2018","gracema02","WSN","229","22","55","7","2","5","2","1","13","48","81","4","2","1","2","2"
"2018","graveke01","OAK","144","32","44","5","1","9","1","3","13","27","78","3","1","0","0","0"
"2018","gravebr01","MIA","132","22","41","11","0","3","3","0","12","21","61","7","4","0","0","2"
"2018","grayjo02","COL","677","102","180","36","4","27","12","4","52","183","305","12","6","4","3","1"
"2018","grayso01","NYY","511","73","138","34","0","14","7","1","57","123","214","6","8","1","5","0"
"2018","greench03","NYY","279","22","64","13","0","9","8","6","15","94","104","2","1","0","3","2"
"2018","greensh02","DET","254","39","68","6","4","12","1","2","19","65","118","3","3","0","3","1"
"2018","gregelu01","STL","51","10","14","5","0","2","0","0","6","12","25","2","0","0","0","0"
"2018","greinza01","ARI","784","77","181","37","2","28","2","5","43","199","306","7","6","3","3","3"
"2018","grimmju01","KCR","49","19","17","3","0","2","3","1","14","8","26","2","0","2","2","1"
"2018","grimmju01","SEA","15","1","2","1","0","1","0","0","0","3","6","0","0","0","1","0"
"2018","gsellro01","NYM","304","44","76","14","1","8","6","0","28","70","116","7","5","3","5","6"
"2018","guduare01","HOU","11","1","1","0","0","1","0","0","0","4","4","0","0","0","0","0"
"2018","guerrja01","MIA","144","27","42","11","2","4","0","0","12","30","69","3","3","2","1","2"
"2018","guerrju02","MIL","542","74","143","33","1","19","8","4","55","136","235","10","4","5","4","0"
"2018","guerrta01","MIA","233","40","64","11","1","8","4","1","30","68","101","3","3","0","1","1"
"2018","guerrta02","TOR","37","5","9","0","0","1","1","0","4","8","12","1","3","0","0","0"
"2018","guilmpr01","STL","12","5","7","3","0","2","0","0","0","3","16","0","0","0","1","0"
"2018","guilmpr01","TOR","34","8","11","5","0","4","0","0","4","5","28","0","0","1","0","1"
"2018","guyerbr01","CLE","3","0","0","0","0","0","0","0","0","0","0","0","0","0","0","0"
"2018","gyorkje01","STL","5","1","2","1","0","1","0","0","0","0","6","0","1","0","0","0"
"2018","haderjo01","MIL","272","23","36","7","1","9","2","1","30","143","72","1","1","1","2","0"
"2018","haleda02","NYY","44","3","12","4","0","2","0","0","1","6","22","0","1","0","0","0"
"2018","haleda02","MIN","12","4","4","1","0","1","0","0","4","2","8","1","0","0","0","0"
"2018","haleyju01","BOS","31","4","10","2","0","2","0","0","3","0","18","0","0","0","1","0"
"2018","hallma02","DET","42","16","19","4","1","1","0","1","3","5","28","0","1","0","2","0"
"2018","hamelco01","TEX","445","70","115","23","2","23","15","1","42","114","211","14","12","0","3","0"
"2018","hamelco01","CHC","270","23","61","6","3","6","4","4","23","74","91","12","7","1","1","0"
"2018","hamilia01","CHW","29","5","6","0","0","2","0","0","2","5","12","1","1","0","1","0"
"2018","hammeja01","KCR","533","91","168","37","5","18","9","5","39","92","269","6","3","2","5","4"
"2018","hancoju01","CHC","40","2","5","1","0","1","0","1","9","11","9","1","0","0","0","0"
"2018","handbr01","SDP","163","21","33","11","1","5","0","1","15","65","61","4","7","1","0","1"
"2018","handbr01","CLE","99","7","19","5","0","3","0","0","13","41","33","2","2","1","0","1"
"2018","hanhoer01","NYM","11","2","4","1","0","0","0","0","1","2","5","0","1","0","0","0"
"2018","happia01","CHC","4","0","1","1","0","0","0","0","0","0","2","0","0","0","0","0"
"2018","happja01","TOR","433","61","99","17","0","17","5","1","35","130","167","9","4","1","1","0"
"2018","happja01","NYY","235","20","51","10","1","10","1","2","16","63","93","5","5","1","1","0"
"2018","hardybl01","DET","322","37","79","15","3","10","5","2","22","66","130","7","2","1","4","1"
"2018","harriwi10","HOU","212","22","48","7","1","3","4","2","14","64","66","4","2","1","1","1"
"2018","hartdo01","BAL","86","13","31","5","0","2","3","0","12","13","42","1","0","0","1","0"
"2018","harvema01","NYM","109","21","33","9","0","6","2","0","9","20","60","2","1","2","2","0"
"2018","harvema01","CIN","500","66","132","23","3","21","4","3","28","111","224","8","5","4","3","2"
"2018","hatchch02","OAK","149","23","43","5","0","7","0","1","17","30","69","3","1","0","0","1"
"2018","hauscmi01","TOR","29","4","7","2","0","0","1","0","4","5","9","2","2","0","1","0"
"2018","heanean01","LAA","689","91","171","31","3","27","2","1","45","180","289","17","8","2","5","0"
"2018","hellije01","WSN","339","41","78","17","2","11","0","0","20","65","132","9","8","2","1","1"
"2018","hembrhe01","BOS","227","30","53","9","2","10","3","2","27","76","96","2","1","0","5","1"
"2018","hendrky01","CHC","745","82","184","31","5","22","10","3","44","161","291","18","9","7","7","4"
"2018","hendrli01","OAK","92","11","25","4","0","3","5","1","10","22","38","2","1","0","1","0"
"2018","hernada01","CIN","230","20","46","14","3","6","1","0","17","65","84","5","5","2","0","1"
"2018","hernael01","MIA","250","38","68","11","2","11","0","4","27","45","116","5","2","3","2","3"
"2018","hernaen02","LAD","2","3","1","0","0","1","0","0","2","0","4","0","0","0","0","0"
"2018","hernafe02","SEA","606","107","159","35","2","27","10","1","59","125","279","16","12","3","4","0"
"2018","herreke01","KCR","92","3","19","1","0","2","1","0","2","22","26","3","0","1","0","0"
"2018","herreke01","WSN","79","9","24","3","1","4","1","0","8","16","41","1","1","0","0","0"
"2018","hessda01","BAL","404","64","106","23","1","22","6","3","37","74","197","6","8","1","4","2"
"2018","hicksjo03","STL","284","33","59","6","1","2","3","0","45","70","73","12","8","0","2","2"
"2018","hildetr01","MIN","285","46","75","21","2","12","11","0","26","70","136","4","2","3","3","9"
"2018","hillri01","LAD","493","57","108","23","3","20","6","2","41","150","197","4","8","4","1","3"
"2018","hillti01","KCR","179","28","46","9","0","4","3","0","14","42","67","4","2","2","1","0"
"2018","hiranyo01","ARI","235","22","49","7","2","6","2","0","23","59","78","14","2","1","1","4"
"2018","hoffmje02","COL","37","9","15","1","1","0","0","1","7","5","18","3","0","0","0","1"
"2018","holadbr01","MIA","10","3","4","2","0","1","0","0","0","1","9","0","0","0","0","0"
"2018","holdejo02","NYY","248","27","53","14","0","4","4","2","19","60","79","2","1","2","2","3"
"2018","hollade01","SFG","640","74","154","42","3","19","7","2","67","169","259","12","4","9","7","6"
"2018","hollagr01","STL","109","28","34","4","3","1","0","0","22","22","47","1","0","1","0","2"
"2018","hollagr01","WSN","69","2","9","1","0","1","0","0","10","25","13","3","1","0","0","0"
"2018","holmecl01","PIT","103","21","30","5","0","2","4","0","23","21","41","4","2","0","1","1"
"2018","hoovejj01","MIL","8","3","4","0","0","1","0","0","2","0","7","0","0","0","0","0"
"2018","housead01","MIL","51","5","13","4","1","0","0","0","7","8","19","3","1","0","0","0"
"2018","howarsa01","COL","16","1","5","2","0","0","0","0","3","1","7","1","1","0","0","0"
"2018","hoytja01","HOU","2","0","1","0","0","0","0","0","1","0","1","0","0","0","0","0"
"2018","huch02","TBR","47","6","7","1","0","2","0","0","3","12","14","0","0","0","0","0"
"2018","hudsoda02","STL","97","9","19","4","0","0","0","0","18","19","23","3","1","0","2","0"
"2018","hudsoda01","LAD","175","25","38","5","0","6","6","0","18","44","61","3","4","0","0","1"
"2018","hugheja02","CIN","269","17","57","7","1","4","7","2","23","59","78","13","2","1","3","2"
"2018","hugheph01","MIN","48","9","14","3","0","4","0","0","5","8","29","0","1","0","1","1"
"2018","hugheph01","SDP","92","14","30","4","0","7","1","0","5","24","55","0","0","0","0","0"
"2018","hunteto02","PHI","250","28","65","20","3","6","6","1","15","51","109","5","3","1","1","1"
"2018","hutchdr01","PHI","77","11","21","2","1","4","0","0","13","19","37","4","1","1","2","0"
"2018","hutchdr01","TEX","87","21","29","5","0","5","6","0","13","12","49","1","1","2","2","0"
"2018","iglesra01","CIN","261","22","52","9","0","12","1","1","25","80","97","4","2","1","2","2"
"2018","infangr01","CHW","33","8","12","4","0","0","1","1","8","6","16","2","0","0","1","2"
"2018","jacksed01","OAK","339","37","75","20","0","12","2","6","37","68","131","5","2","2","1","1"
"2018","jackslu01","ATL","158","22","41","10","1","3","5","3","21","46","62","1","2","1","2","3"
"2018","jamesjo02","HOU","82","6","15","4","0","3","1","0","7","29","28","2","2","0","0","0"
"2018","janseke01","LAD","269","28","54","8","1","13","11","0","17","82","103","2","2","0","1","1"
"2018","jeffrje01","MIL","269","12","49","5","2","5","4","1","27","89","73","7","1","1","1","4"
"2018","jennida01","MIL","240","27","66","13","2","6","2","2","23","45","101","10","1","4","3","1"
"2018","jepseke01","TEX","63","13","15","2","1","4","0","0","11","8","31","5","1","1","1","1"
"2018","jerezwi01","LAA","63","14","17","3","0","3","1","1","8","15","29","0","0","0","0","0"
"2018","jewelja01","LAA","8","2","2","1","0","0","0","0","1","1","3","0","2","0","0","0"
"2018","jimenjo02","DET","239","34","53","14","1","5","3","1","22","78","84","2","3","0","2","3"
"2018","johnsbr02","BOS","395","49","104","19","2","16","3","1","38","87","175","6","1","0","0","0"
"2018","johnsdj01","COL","25","3","6","0","0","0","0","0","2","9","6","0","0","0","0","0"
"2018","johnsji04","LAA","239","38","64","6","1","9","4","3","22","45","99","8","1","2","4","1"
"2018","johnspi01","SFG","161","27","38","8","3","5","5","2","22","36","67","3","0","1","2","1"
"2018","jonesna01","CHW","117","14","28","5","0","4","1","0","15","32","45","2","3","1","1","0"
"2018","junisja01","KCR","688","94","182","27","4","32","7","4","43","164","313","11","15","4","8","1"
"2018","juradar01","TEX","222","36","66","11","2","7","1","0","18","22","102","6","0","1","0","1"
"2018","kahnlto01","NYY","90","22","23","9","0","3","0","1","15","30","41","2","0","0","2","0"
"2018","kelake01","TEX","136","14","28","5","1","3","4","0","14","44","44","1","0","1","1","1"
"2018","kelake01","PIT","55","5","10","4","0","2","2","2","5","22","20","0","0","0","0","1"
"2018","kellebr01","KCR","528","50","133","19","2","7","7","4","50","96","177","18","2","0","3","1"
"2018","kellesh01","WSN","121","12","26","11","0","7","1","0","5","32","58","0","1","0","1","1"
"2018","kellesh01","OAK","55","4","7","2","0","0","0","0","6","18","9","0","0","0","1","2"
"2018","kellyca01","SFG","96","10","28","5","2","3","0","1","5","16","46","1","1","0","2","1"
"2018","kellyjo05","BOS","244","34","57","6","3","4","7","1","32","68","81","6","5","0","4","0"
"2018","kennebr02","SDP","109","20","36","4","1","6","4","0","12","18","60","1","2","4","1","1"
"2018","kenneia01","KCR","471","66","125","26","2","20","1","0","40","105","215","6","1","4","2","2"
"2018","kershcl01","LAD","612","55","139","30","2","17","3","2","29","155","224","8","2","3","2","0"
"2018","keuchda01","HOU","802","92","211","48","1","18","3","0","58","153","315","18","2","3","9","0"
"2018","kiekhde01","OAK","12","4","7","2","0","1","0","0","1","1","12","0","0","1","0","1"
"2018","kimbrcr01","BOS","213","19","31","9","2","7","4","0","31","96","65","2","2","1","0","0"
"2018","kingesc01","PHI","8","2","4","2","0","0","0","0","0","0","6","0","0","0","0","0"
"2018","kinghni01","PIT","305","50","79","21","1","18","1","2","26","69","156","2","5","4","2","3"
"2018","kinlety01","MIN","19","9","9","1","0","2","0","0","4","4","16","0","0","0","0","0"
"2018","kinlety01","MIA","29","6","6","3","0","0","2","0","4","9","9","0","1","0","0","2"
"2018","kintzbr01","WSN","158","17","40","10","1","2","0","4","13","31","58","5","3","1","0","3"
"2018","kintzbr01","CHC","76","14","27","3","2","3","2","1","9","12","43","2","1","0","2","2"
"2018","kittran01","TBR","160","34","54","12","1","7","0","0","17","30","89","5","1","1","2","5"
"2018","klubeco01","CLE","801","75","179","32","4","25","4","7","34","222","294","16","3","2","2","0"
"2018","knebeco01","MIL","196","23","38","8","3","7","7","5","22","88","73","3","4","0","1","0"
"2018","kochma01","ARI","329","43","88","15","1","19","1","1","22","50","162","18","6","2","1","1"
"2018","kolarad01","TBR","134","15","38","12","0","0","0","0","5","19","50","5","1","0","1","1"
"2018","kontoge01","PIT","78","12","23","4","1","4","4","1","5","9","41","0","3","1","2","0"
"2018","kontoge01","CLE","19","2","3","1","0","1","1","0","2","4","7","0","0","0","0","0"
"2018","kontoge01","NYY","6","0","1","0","0","0","0","0","0","2","1","0","0","0","0","0"
"2018","kopecmi01","CHW","61","8","20","5","0","4","1","1","2","15","37","1","5","0","0","0"
"2018","kratzer01","MIL","10","2","3","0","0","0","0","0","1","2","3","1","0","0","1","0"
"2018","krehbjo01","ARI","10","0","1","0","0","0","0","0","2","0","1","0","0","0","0","0"
"2018","krolia01","LAA","7","0","1","0","0","0","0","0","1","2","1","0","0","0","0","0"
"2018","kuhlch01","PIT","324","47","89","13","3","14","4","6","33","81","150","5","4","6","6","1"
"2018","lasteto01","CHC","6","1","3","0","0","1","0","0","0","0","6","1","0","0","0","0"
"2018","lamarry01","MIN","3","1","1","0","0","1","0","0","0","0","4","0","0","0","0","0"
"2018","lambjo02","LAA","46","10","15","6","0","4","0","0","4","11","33","0","0","0","0","1"
"2018","lauerer01","SDP","446","61","127","21","2","15","5","2","46","100","197","7","6","4","2","2"
"2018","lawde01","SFG","56","13","16","3","1","2","1","0","8","12","27","1","1","0","1","0"
"2018","lawreca01","SEA","94","19","28","10","1","2","1","0","10","14","46","5","2","0","0","1"
"2018","leakemi01","SEA","739","98","207","44","5","23","2","5","34","119","330","24","6","1","3","3"
"2018","leblawa01","SEA","614","74","151","32","1","24","4","4","40","130","257","8","3","1","4","1"
"2018","leclejo01","TEX","191","16","24","8","1","1","4","1","25","85","37","2","3","4","0","1"
"2018","leitema02","PHI","74","17","22","5","0","5","2","0","8","13","42","0","1","0","1","2"
"2018","leitema02","TOR","33","11","13","0","1","2","2","0","4","9","21","0","1","0","1","1"
"2018","leonedo01","STL","94","12","27","1","0","3","1","0","8","26","37","1","0","1","3","3"
"2018","lestejo01","CHC","681","75","174","27","3","24","14","9","64","149","279","15","6","7","3","1"
"2018","lewicar01","DET","150","24","48","9","1","4","5","3","14","30","71","4","1","0","5","1"
"2018","liberad01","LAD","44","4","10","1","1","1","0","2","8","12","16","2","1","1","0","0"
"2018","liriafr01","DET","503","84","127","18","5","19","9","3","73","110","212","16","5","0","5","0"
"2018","litteza01","MIN","84","17","25","10","0","3","0","0","11","14","44","2","4","1","1","0"
"2018","livelbe01","PHI","101","18","34","7","1","4","2","1","10","22","55","2","3","0","1","1"
"2018","livelbe01","KCR","25","1","7","0","0","0","0","1","5","5","7","1","0","0","0","0"
"2018","loaisjo01","NYY","96","17","26","7","0","3","2","0","12","33","42","4","0","0","0","0"
"2018","lockewa01","SDP","66","16","22","5","1","4","1","0","10","12","41","0","0","0","0","1"
"2018","loganbo02","MIL","46","7","15","4","0","3","0","0","10","14","28","0","1","1","0","3"
"2018","lopezjo02","MIL","71","6","16","2","1","1","1","1","13","15","23","2","0","0","1","1"
"2018","lopezjo02","KCR","138","24","41","9","0","5","1","0","9","23","65","1","1","0","1","0"
"2018","lopezpa01","MIA","222","28","56","15","0","8","4","1","18","46","95","4","4","1","2","5"
"2018","lopezre01","CHW","705","88","165","34","4","25","14","4","75","151","282","11","10","0","9","1"
"2018","lopezyo01","ARI","33","3","7","1","1","2","1","0","1","11","16","0","0","1","0","0"
"2018","lorenmi01","CIN","302","32","78","12","2","6","6","3","34","54","112","8","3","2","3","2"
"2018","loupaa01","TOR","147","21","44","12","0","4","3","1","13","42","68","3","3","0","3","0"
"2018","loupaa01","PHI","15","2","4","0","0","0","1","0","1","2","4","1","1","0","0","0"
"2018","lucasjo02","OAK","56","11","16","5","0","1","1","0","9","14","24","4","1","0","0","0"
"2018","lucchjo01","SDP","493","63","125","22","3","23","8","6","43","145","222","12","4","3","4","2"
"2018","lugose01","NYM","374","36","81","11","1","9","4","4","28","103","121","6","2","1","5","4"
"2018","lylesjo01","SDP","274","35","71","8","2","12","4","1","19","62","119","4","1","3","3","0"
"2018","lylesjo01","MIL","59","7","12","5","0","0","1","1","9","22","17","0","2","0","1","3"
"2018","lynnla01","MIN","399","61","105","19","2","12","4","5","62","100","164","10","6","0","2","3"
"2018","lynnla01","NYY","217","26","58","13","1","2","3","2","14","61","79","3","0","0","0","0"
"2018","lyonsty01","STL","70","16","24","7","0","3","2","1","8","19","40","1","2","1","2","2"
"2018","madsory01","WSN","172","28","48","8","0","6","5","0","15","41","74","5","4","1","3","2"
"2018","madsory01","LAD","34","6","10","1","0","1","3","0","1","13","14","0","0","0","1","0"
"2018","maedake01","LAD","479","58","115","31","3","13","5","1","43","153","191","7","5","2","3","4"
"2018","magilma01","MIN","221","24","58","11","1","11","5","2","23","56","104","3","3","1","1","0"
"2018","mahlety01","CIN","442","68","125","20","2","22","2","1","53","110","215","15","3","5","3","7"
"2018","makitka01","SDP","133","23","32","6","0","7","1","0","12","37","59","1","2","2","0","2"
"2018","manaese01","OAK","608","67","141","24","3","21","5","4","32","108","234","11","8","4","2","1"
"2018","mannbr01","TEX","28","5","7","3","0","1","1","0","4","3","13","2","2","0","2","0"
"2018","mapledi01","CHC","22","7","7","1","1","2","0","0","5","9","16","1","2","0","0","0"
"2018","marinjh01","BAL","29","6","9","2","0","1","0","1","9","3","14","1","0","1","1","0"
"2018","marquge01","COL","742","90","179","30","7","24","10","1","57","230","295","15","8","2","6","5"
"2018","marshev01","CLE","32","6","12","1","0","0","0","0","4","9","13","1","1","0","0","0"
"2018","martich02","TEX","168","21","46","9","0","5","4","0","5","37","70","3","3","0","1","2"
"2018","martica04","STL","439","48","100","19","2","5","6","0","60","117","138","14","11","7","4","4"
"2018","mathije01","ARI","4","1","1","0","0","1","0","0","0","1","4","0","0","0","0","0"
"2018","matonph01","SDP","186","25","50","10","3","3","2","1","23","55","75","3","2","2","1","1"
"2018","matzst01","NYM","578","77","134","29","2","25","28","2","58","152","242","14","10","6","2","2"
"2018","maurebr01","KCR","130","29","42","7","3","7","2","3","25","31","76","1","1","1","3","2"
"2018","maytr01","MIN","95","9","21","3","0","4","3","1","5","36","36","1","1","2","0","0"
"2018","mayermi01","STL","204","28","59","19","0","7","1","2","15","49","99","3","1","3","3","1"
"2018","mayzati01","TOR","135","13","33","8","0","3","4","1","14","40","50","2","2","0","0","4"
"2018","mazzoco01","CHC","31","1","5","1","0","0","0","0","5","7","6","0","0","0","0","1"
"2018","mcallza01","CLE","165","25","47","11","2","7","6","0","10","34","83","3","1","2","1","1"
"2018","mcallza01","DET","19","8","10","2","0","1","0","0","0","5","15","0","0","0","0","0"
"2018","mccarbr01","ATL","313","45","94","15","1","15","2","1","21","65","156","11","0","4","1","0"
"2018","mccarke01","KCR","270","28","70","10","2","7","1","4","20","46","105","10","2","0","1","2"
"2018","mccread01","ATL","7","2","4","0","0","0","0","0","0","2","4","0","0","0","0","0"
"2018","mcculla02","HOU","465","60","100","27","1","12","5","2","50","142","165","13","7","1","4","0"
"2018","mcfartj01","ARI","268","18","64","14","0","4","3","2","22","42","90","13","0","1","1","3"
"2018","mcgeeja01","COL","207","39","59","15","4","10","1","3","16","47","112","1","2","2","0","1"
"2018","mcgowky01","WSN","28","5","6","2","0","2","0","0","5","8","14","0","0","0","1","0"
"2018","mcgraky01","SDP","15","2","3","1","0","2","0","0","3","4","10","0","0","0","0","0"
"2018","mcguide02","TOR","34","6","9","3","1","2","0","0","5","7","20","1","0","0","0","0"
"2018","mcguide02","LAA","109","22","29","3","0","7","1","1","21","26","53","6","5","0","3","0"
"2018","mchugco01","HOU","255","18","45","9","1","6","2","3","21","94","74","1","5","1","1","0"
"2018","mcraeal01","PIT","26","4","8","4","0","0","0","0","5","5","12","0","1","0","0","0"
"2018","meansjo01","BAL","16","5","6","3","0","1","0","0","0","4","12","0","0","0","0","0"
"2018","medlekr01","ARI","21","7","9","3","0","0","0","0","4","4","12","0","0","0","0","0"
"2018","meisiry01","BAL","75","15","18","4","1","6","3","0","10","21","42","5","0","1","1","0"
"2018","mejiaad01","MIN","79","5","17","0","0","1","0","0","9","13","20","1","2","1","1","0"
"2018","melanma01","SFG","159","18","48","9","1","2","1","3","14","31","65","6","1","0","0","2"
"2018","mellake01","CIN","37","9","13","4","0","4","1","0","8","8","29","2","1","2","0","0"
"2018","mendeyo01","TEX","106","18","28","6","0","4","1","0","15","18","46","4","0","0","0","0"
"2018","mengdda01","OAK","441","58","103","26","1","18","4","3","26","72","185","6","3","4","2","0"
"2018","meyerbe02","MIA","77","23","26","8","1","2","0","0","14","9","42","4","4","1","1","2"
"2018","middlke01","LAA","60","4","14","4","0","1","1","2","9","16","21","2","1","0","1","1"
"2018","mikolmi01","STL","760","70","186","24","4","16","2","1","29","146","266","18","7","8","4","4"
"2018","mileywa01","MIL","300","28","71","16","1","3","2","1","27","50","98","8","5","5","1","1"
"2018","millean01","CLE","133","16","31","10","1","3","1","0","16","45","52","2","5","0","0","1"
"2018","milleju02","WSN","193","22","42","7","1","10","6","2","17","60","81","2","2","1","2","1"
"2018","millesh01","ARI","70","21","24","2","2","5","1","0","8","19","45","2","0","0","1","0"
"2018","millsal02","CHC","64","8","11","5","0","1","0","0","7","23","19","1","0","0","0","0"
"2018","milneho01","PHI","21","4","6","0","0","1","0","0","3","4","9","0","1","0","0","1"
"2018","milneho01","TBR","11","4","3","1","0","2","0","0","2","4","10","0","0","0","0","0"
"2018","milonto01","WSN","112","17","37","7","0","7","1","1","1","23","65","1","1","2","2","0"
"2018","minayju01","CHW","177","19","39","11","0","3","14","2","29","58","59","2","3","0","0","3"
"2018","minormi01","TEX","587","76","138","38","5","25","9","2","38","132","261","12","8","1","6","1"
"2018","minteaj01","ATL","234","23","57","9","1","3","4","1","22","69","77","3","2","1","1","1"
"2018","miranar01","SEA","20","1","6","1","0","0","0","0","4","5","7","0","0","0","0","0"
"2018","mitchbr01","SDP","289","45","85","14","2","12","11","1","43","38","139","10","2","1","2","1"
"2018","montafr02","OAK","255","34","74","20","3","5","0","1","21","43","115","9","2","2","3","0"
"2018","montgjo01","NYY","104","11","25","3","0","3","0","0","12","23","37","3","0","0","0","0"
"2018","montgmi01","CHC","481","58","131","23","2","10","8","7","39","86","188","13","7","3","4","4"
"2018","moorema02","TEX","420","82","128","38","2","19","2","0","41","86","227","8","5","1","4","1"
"2018","moralke01","TOR","3","0","0","0","0","0","0","0","1","0","0","0","0","0","0","0"
"2018","moralos01","LAA","2","0","1","0","0","0","0","0","0","0","1","0","0","0","0","0"
"2018","morgaad01","PHI","189","25","49","5","0","5","8","2","22","50","69","3","0","0","2","3"
"2018","morinmi01","SEA","16","3","6","2","1","0","0","1","1","6","10","0","0","0","1","1"
"2018","moronre01","SFG","221","20","34","6","0","4","8","0","37","79","52","5","0","1","3","4"
"2018","morriak01","LAA","57","9","18","4","1","3","0","0","8","7","33","2","0","0","0","0"
"2018","morrobr01","CHC","112","5","24","1","0","2","1","0","9","31","31","2","1","0","0","0"
"2018","mortoch02","HOU","609","63","130","27","3","18","4","3","64","201","217","12","16","1","4","0"
"2018","motteta01","SEA","4","1","1","0","0","1","0","0","1","1","4","0","1","0","0","0"
"2018","moyaga01","MIN","143","19","35","7","0","6","2","0","13","31","60","2","1","0","2","0"
"2018","moylape01","ATL","107","14","32","4","0","4","3","0","18","23","48","6","2","2","0","3"
"2018","musgrha01","COL","161","23","36","7","6","7","0","0","22","32","76","5","1","0","1","2"
"2018","musgrjo01","PIT","447","56","113","19","3","12","2","1","23","100","174","5","8","3","5","3"
"2018","nealza01","LAD","5","1","2","0","0","1","0","0","0","0","5","0","0","0","0","0"
"2018","nerishe01","PHI","184","27","46","9","1","11","2","0","16","76","90","1","1","2","0","1"
"2018","neshepa01","PHI","94","9","23","5","1","2","0","0","5","15","36","2","0","1","1","1"
"2018","neverdo01","PIT","107","25","30","5","1","9","1","0","10","27","64","2","1","0","1","0"
"2018","newbeja01","KCR","51","8","13","3","0","3","0","0","9","11","25","0","0","0","0","0"
"2018","newcose01","ATL","607","74","137","21","4","18","12","2","81","160","220","13","1","4","3","1"
"2018","nicasju01","SEA","172","30","53","13","1","6","1","2","5","53","86","1","2","0","4","0"
"2018","nixja02","SDP","171","33","52","13","2","8","2","0","13","21","93","4","4","0","2","0"
"2018","nolaaa01","PHI","756","57","149","31","2","17","17","5","58","224","235","16","7","6","4","3"
"2018","norribu01","STL","215","27","51","4","1","8","1","0","21","67","81","5","5","2","2","3"
"2018","norrida01","DET","176","28","46","10","0","8","3","0","19","51","80","1","2","1","2","0"
"2018","norwoja01","CHC","47","7","14","3","0","0","0","0","5","10","17","0","0","0","2","0"
"2018","novaiv01","PIT","638","82","171","34","5","26","5","2","35","114","293","13","4","4","2","4"
"2018","nunovi01","TBR","121","7","24","4","0","5","1","1","10","29","43","1","2","0","1","3"
"2018","odayda01","BAL","76","9","18","5","0","3","1","2","4","27","32","0","3","0","0","1"
"2018","ogradch01","MIA","28","5","7","2","0","2","0","0","4","8","15","0","0","0","0","0"
"2018","oakstr01","KCR","56","11","21","6","0","1","1","0","6","10","30","2","0","1","2","0"
"2018","obergsc01","COL","211","17","45","8","0","4","7","2","12","57","65","9","3","0","2","0"
"2018","odorija01","MIN","625","89","151","41","5","20","11","2","70","162","262","9","8","4","4","3"
"2018","ogandal01","CLE","5","2","2","1","0","0","0","0","3","1","3","0","0","0","0","0"
"2018","ohse01","TOR","173","14","37","7","1","5","0","0","10","55","61","1","3","0","3","1"
"2018","ohse01","COL","76","7","15","3","0","3","0","1","7","24","27","1","1","0","1","0"
"2018","ohtansh01","LAA","187","19","38","6","0","6","1","1","22","63","62","2","1","0","1","0"
"2018","okertst01","SFG","27","1","4","1","0","1","0","0","0","8","8","0","0","0","0","0"
"2018","olsonty01","CLE","106","16","26","8","0","4","1","0","12","40","46","2","0","0","0","2"
"2018","ortizlu02","BAL","14","6","7","2","1","0","0","0","3","0","11","0","0","0","1","0"
"2018","osichjo01","SFG","52","11","20","4","0","2","1","1","7","10","30","3","2","0","0","0"
"2018","osunaro01","TOR","60","5","16","3","0","0","1","0","1","13","19","1","2","0","0","0"
"2018","osunaro01","HOU","81","5","17","4","0","1","0","0","3","19","24","2","2","0","1","0"
"2018","oswalco01","NYM","257","43","69","11","0","14","4","3","20","45","122","4","4","1","0","1"
"2018","oteroda01","CLE","239","36","69","18","0","12","0","0","5","43","123","9","3","0","0","3"
"2018","ottavad01","COL","260","25","41","6","0","5","24","3","36","112","62","6","6","1","5","5"
"2018","paganem01","OAK","239","30","55","13","3","13","7","1","19","63","113","1","3","0","1","1"
"2018","pannoth01","TOR","160","20","37","5","2","7","3","0","15","29","67","1","2","1","3","0"
"2018","pareded01","LAA","77","14","25","3","2","5","1","0","7","15","47","2","1","0","1","0"
"2018","pareded02","LAD","30","5","7","0","1","2","2","0","2","8","15","0","1","0","0","0"
"2018","parkebl01","LAA","253","24","63","11","1","12","4","1","19","70","112","4","3","0","1","1"
"2018","parsowe01","ATL","19","4","6","1","0","1","0","1","3","3","10","0","0","0","1","1"
"2018","paulida01","TOR","25","2","6","1","0","1","0","0","2","6","10","0","0","0","1","0"
"2018","paxtoja01","SEA","598","67","134","24","2","23","5","3","42","208","231","11","1","2","2","0"
"2018","pazosja01","SEA","189","19","47","10","0","4","2","0","15","45","69","7","5","0","2","1"
"2018","peacobr01","HOU","248","26","56","14","2","11","3","0","20","96","107","3","3","0","1","0"
"2018","pelhacd01","TEX","34","6","12","4","1","0","3","0","4","7","18","1","0","0","0","1"
"2018","penafe01","LAA","352","45","87","15","0","12","4","1","28","85","138","7","4","1","4","0"
"2018","pennicl01","CIN","4","1","1","1","0","0","0","0","2","1","2","0","0","0","0","0"
"2018","peralfr01","MIL","275","37","49","14","2","8","3","1","40","96","91","7","4","1","1","1"
"2018","peralwa01","CIN","192","32","58","9","0","2","5","2","31","31","73","4","2","1","1","2"
"2018","peralwi01","KCR","122","14","28","3","2","4","0","0","23","35","47","5","1","1","2","1"
"2018","perdolu02","SDP","189","37","62","19","0","4","3","0","22","39","93","5","3","1","2","2"
"2018","perezci01","HOU","38","5","6","0","0","3","0","1","7","12","15","2","0","0","0","0"
"2018","perezhe01","MIL","17","5","7","5","0","1","0","0","1","2","15","0","1","0","0","0"
"2018","perezma02","TEX","353","68","116","16","3","16","2","2","36","52","186","13","2","1","5","1"
"2018","perezol01","CLE","110","6","17","2","0","1","3","2","7","43","22","1","2","0","1","3"
"2018","peterdi01","MIA","111","22","34","7","0","4","1","2","15","17","53","3","1","1","1","0"
"2018","peterja01","BAL","8","4","6","2","0","1","0","0","0","1","11","1","0","0","0","0"
"2018","peterti01","NYM","111","19","29","2","0","8","3","0","5","25","55","1","1","1","0","2"
"2018","petityu01","OAK","344","32","76","16","2","13","7","3","18","76","135","6","0","1","5","4"
"2018","petrija01","TOR","186","28","59","14","2","6","3","0","16","41","95","10","5","1","0","0"
"2018","phillev01","ATL","25","6","6","1","0","3","0","0","4","3","16","0","0","0","0","0"
"2018","phillev01","BAL","23","13","7","3","0","2","0","0","6","5","16","1","1","0","0","0"
"2018","pivetni01","PHI","624","91","163","25","2","24","6","7","51","188","264","16","5","8","5","0"
"2018","plutkad01","CLE","299","45","78","23","1","21","1","3","23","60","166","2","1","1","2","1"
"2018","pomerdr01","BOS","293","53","87","22","1","12","2","3","44","66","147","9","4","0","3","1"
"2018","ponceda01","STL","117","10","24","6","0","2","0","0","13","31","36","4","1","0","1","0"
"2018","porceri01","BOS","735","97","177","29","3","27","6","1","48","190","293","8","16","3","6","0"
"2018","poundbr01","COL","68","13","25","9","1","3","0","0","2","17","45","3","2","0","0","0"
"2018","poynebo01","BOS","86","8","22","5","1","4","2","0","3","24","41","0","2","1","1","0"
"2018","pressry01","MIN","184","19","46","6","1","5","5","2","19","69","69","2","2","1","2","1"
"2018","pressry01","HOU","80","2","11","2","0","1","1","0","3","32","16","0","1","0","0","0"
"2018","priceda01","BOS","657","75","151","28","4","25","5","3","50","177","262","10","10","1","4","0"
"2018","pruitau01","TBR","269","40","72","10","3","7","2","1","16","42","109","3","1","1","4","0"
"2018","quackke01","CIN","39","11","13","3","0","3","0","0","6","7","25","0","0","0","0","1"
"2018","quinnro01","PHI","11","7","6","2","0","1","0","0","2","0","11","0","1","0","0","0"
"2018","quintjo01","CHC","658","81","162","32","3","25","6","6","68","158","275","13","3","8","2","3"
"2018","raineta01","CIN","32","19","13","4","0","4","0","0","12","7","29","1","0","0","1","1"
"2018","ramirca01","TOR","8","1","1","0","0","0","0","0","5","3","1","0","0","0","0","0"
"2018","ramirca01","OAK","18","2","2","0","0","0","1","0","4","2","2","2","1","0","1","0"
"2018","ramirer02","SEA","183","35","52","11","1","14","0","0","12","33","107","5","3","0","4","0"
"2018","ramirjc01","LAA","26","8","7","1","0","3","2","0","7","4","17","1","0","0","0","0"
"2018","ramirjo02","ATL","28","12","9","4","0","0","3","0","8","7","13","0","2","0","0","2"
"2018","ramirne01","CLE","158","21","36","9","0","9","12","1","18","51","72","2","3","1","0","1"
"2018","ramirno01","LAA","317","43","75","16","1","15","1","0","30","95","138","6","6","0","0","3"
"2018","ramirye01","BAL","249","44","64","10","2","11","6","5","36","62","111","4","4","2","3","1"
"2018","ramosaj01","NYM","72","14","17","3","0","3","1","0","15","22","29","2","0","0","1","0"
"2018","ramosed02","PHI","156","14","34","1","1","4","3","2","15","42","49","5","1","1","1","2"
"2018","ravinjo01","ATL","10","2","2","1","0","0","0","0","2","1","3","0","1","1","0","0"
"2018","rayro02","ARI","449","55","97","16","0","19","7","5","70","165","170","10","5","1","1","3"
"2018","reedad01","MIN","218","30","65","9","2","11","3","1","15","44","111","5","3","2","4","3"
"2018","reedco01","CIN","167","21","45","6","0","5","7","0","15","42","66","5","2","2","2","0"
"2018","reidfse01","TOR","127","23","31","5","1","6","2","0","21","42","56","3","1","0","1","0"
"2018","reiniza01","DET","90","18","28","6","2","5","0","0","9","18","53","1","0","0","1","2"
"2018","reyesal02","STL","12","0","3","0","0","0","1","0","2","2","3","1","1","0","0","0"
"2018","reyesje01","CIN","21","4","4","0","1","1","0","0","2","2","9","1","1","0","0","0"
"2018","reyesjo01","NYM","8","6","5","1","1","2","0","0","2","0","14","0","1","0","0","0"
"2018","reynoma01","WSN","1","0","0","0","0","0","0","0","0","0","0","0","0","0","0","0"
"2018","rhameja01","NYM","129","21","38","4","3","8","2","2","8","28","72","2","1","2","0","2"
"2018","richacl01","SDP","604","98","159","35","5","19","5","2","60","108","261","22","10","5","3","1"
"2018","richaga01","LAA","288","43","64","9","2","11","1","2","34","87","110","9","1","1","0","0"
"2018","richatr01","MIA","479","65","121","26","5","15","5","4","54","130","202","8","5","5","4","5"
"2018","riosya01","PHI","147","28","43","7","2","6","6","0","15","36","72","4","2","0","1","2"
"2018","rizzoan01","CHC","1","0","0","0","0","0","0","0","0","0","0","0","0","0","0","0"
"2018","roarkta01","WSN","690","90","181","32","3","24","6","7","50","146","291","18","10","4","6","3"
"2018","roberda10","TBR","3","0","0","0","0","0","0","0","0","0","0","0","0","0","0","0"
"2018","roberda08","NYY","252","30","46","14","2","7","2","1","26","91","85","2","0","4","1","1"
"2018","robleha01","NYM","75","11","21","4","0","7","0","0","10","23","46","2","1","1","1","1"
"2018","robleha01","LAA","135","15","32","6","1","2","3","0","15","36","46","4","1","1","2","0"
"2018","rodnefe01","MIN","169","18","42","2","0","5","11","1","19","50","59","3","2","0","2","1"
"2018","rodnefe01","OAK","79","9","20","5","0","2","3","1","13","20","31","1","1","0","0","0"
"2018","rodonca01","CHW","441","61","97","20","2","15","16","4","55","90","166","12","12","0","2","1"
"2018","rodride01","SFG","439","43","98","30","5","9","3","0","36","89","165","11","7","2","3","2"
"2018","rodried05","BOS","501","56","119","16","3","16","1","2","45","146","189","5","4","0","3","1"
"2018","rodrije01","WSN","189","35","43","11","1","8","4","2","37","39","80","1","3","3","1","5"
"2018","rodriri04","TEX","30","3","11","3","0","0","0","0","1","3","14","1","0","0","0","1"
"2018","rodriri05","PIT","253","19","55","7","1","5","1","0","19","88","79","6","5","1","1","3"
"2018","roech01","TBR","178","21","35","7","0","6","9","2","16","53","60","8","8","1","0","1"
"2018","rogerjo01","BAL","50","11","17","1","2","2","2","0","5","6","28","0","0","0","1","0"
"2018","rogerta01","MIN","238","20","49","10","1","3","2","2","16","75","70","6","2","1","3","3"
"2018","romansa01","CIN","580","92","155","31","4","23","9","0","53","105","263","8","4","3","4","6"
"2018","romeren01","WSN","11","3","5","1","0","1","1","0","1","2","9","0","1","0","0","0"
"2018","romeren01","PIT","20","5","7","3","0","0","0","0","3","5","10","0","0","0","1","2"
"2018","romeren01","KCR","21","9","11","2","0","3","1","0","2","3","22","1","0","0","1","1"
"2018","romerfe01","MIN","215","31","60","12","0","6","4","2","19","45","90","4","7","2","4","1"
"2018","rominan01","SEA","14","5","5","1","0","1","0","0","2","0","9","0","1","0","0","0"
"2018","romose01","TBR","257","31","65","7","0","11","6","0","20","75","105","6","2","2","2","0"
"2018","rondobr01","CHW","124","30","37","11","1","1","6","0","27","40","53","2","1","0","2","2"
"2018","rondohe01","HOU","230","22","58","14","2","4","7","0","20","67","88","5","0","0","0","2"
"2018","rosarra01","CHC","178","22","47","5","0","5","1","2","22","30","67","7","0","0","0","2"
"2018","rossjo01","WSN","62","10","17","7","0","3","0","1","4","7","33","1","2","0","0","0"
"2018","rossty01","SDP","466","64","112","23","3","16","6","3","52","107","189","7","7","1","4","3"
"2018","rossty01","STL","90","9","20","5","1","1","0","2","10","15","30","4","0","2","2","1"
"2018","rosscza01","LAD","43","6","9","1","0","3","0","0","4","20","19","0","0","0","0","0"
"2018","rowlech01","TOR","5","4","2","0","0","1","0","0","1","0","5","0","0","0","0","1"
"2018","ruary01","TEX","3","0","0","0","0","0","0","0","0","1","0","0","0","0","0","0"
"2018","rucindr01","MIA","134","21","34","8","0","2","4","0","13","27","48","2","4","1","2","4"
"2018","ruizjo01","CHW","18","2","5","0","0","1","0","0","3","6","8","0","0","0","0","0"
"2018","rumbeni01","SEA","69","12","19","3","0","6","4","0","6","16","40","1","1","0","1","1"
"2018","rusinch01","COL","209","42","56","6","4","7","1","0","26","47","91","6","2","1","3","1"
"2018","ryuhy01","LAD","307","23","68","12","2","9","0","0","15","89","111","8","1","1","0","1"
"2018","rzepcma01","SEA","38","11","13","4","0","2","2","0","9","10","23","1","0","0","0","2"
"2018","rzepcma01","CLE","9","0","3","1","0","0","1","0","1","1","4","2","0","0","0","0"
"2018","sabatc.01","NYY","600","72","150","29","1","19","11","4","51","140","238","9","11","0","3","0"
"2018","sadleca02","PIT","22","7","9","5","0","0","0","0","3","3","14","2","0","0","0","0"
"2018","sadzeco01","TEX","33","2","6","1","0","0","2","0","11","7","7","2","1","0","0","1"
"2018","salasfe01","ARI","151","20","40","6","0","5","4","0","13","30","61","5","1","2","2","4"
"2018","salech01","BOS","565","39","102","22","3","11","6","3","34","237","163","4","14","0","4","0"
"2018","samarje01","SFG","174","32","47","7","1","6","9","3","26","30","74","1","2","1","4","1"
"2018","sampsad01","TEX","89","13","24","2","1","6","0","2","4","15","46","3","2","0","1","0"
"2018","sanchaa01","TOR","405","62","106","20","3","11","10","4","58","86","165","11","7","0","4","2"
"2018","sanchan01","ATL","497","48","106","21","2","15","16","4","42","135","176","7","4","7","3","0"
"2018","sandopa01","SFG","3","0","0","0","0","0","0","0","0","0","0","0","0","0","0","0"
"2018","santade01","LAD","16","5","6","1","1","0","0","0","1","4","9","0","1","1","0","0"
"2018","santaed01","PIT","254","25","61","14","0","7","2","1","12","54","96","5","3","1","1","2"
"2018","santaer01","MIN","100","22","31","7","1","9","1","0","9","16","67","1","2","0","3","0"
"2018","santihe01","CHW","413","54","101","24","1","16","7","3","60","103","175","9","5","1","3","3"
"2018","santolu01","TOR","78","16","26","8","1","4","0","4","10","24","48","1","1","0","2","1"
"2018","saupowa01","DET","140","17","41","8","1","6","0","0","13","16","69","2","2","2","1","1"
"2018","scahiro01","CHW","20","4","5","2","0","0","1","0","3","3","7","1","2","0","0","0"
"2018","scherma01","WSN","797","66","150","36","5","23","8","2","51","300","265","10","12","4","2","4"
"2018","schulja02","TBR","103","19","18","5","0","6","0","2","17","35","41","2","3","0","2","0"
"2018","scottro02","BOS","30","6","10","3","0","2","0","0","5","8","19","0","5","0","0","2"
"2018","scottta01","BAL","209","33","55","12","2","6","3","1","28","76","89","3","1","1","1","1"
"2018","scribtr01","ARI","15","2","4","1","0","0","0","0","6","4","5","0","0","0","0","0"
"2018","senzaan01","COL","353","45","94","24","3","10","4","0","30","69","154","7","3","1","3","1"
"2018","severlu01","NYY","726","76","173","39","3","19","10","5","46","220","275","13","5","1","2","0"
"2018","sewalpa01","NYM","224","39","62","17","2","8","1","0","23","58","107","4","1","2","3","2"
"2018","shackke01","CIN","34","8","13","4","0","0","0","0","4","7","17","1","1","0","2","1"
"2018","shafeju01","TOR","31","4","6","2","0","1","0","0","7","2","11","0","1","0","0","0"
"2018","shawbr01","COL","224","43","70","15","1","9","5","2","28","54","114","7","1","1","3","1"
"2018","sheffju01","NYY","11","3","4","1","0","1","0","0","3","0","8","1","0","0","0","0"
"2018","sherfji01","ARI","55","3","8","0","0","1","3","0","10","17","11","0","2","0","2","1"
"2018","sherrry01","STL","24","4","8","2","0","1","0","0","2","3","13","0","1","0","0","0"
"2018","shielja02","CHW","775","115","190","41","2","34","18","8","78","154","337","10","9","2","7","0"
"2018","shiplbr01","ARI","18","4","4","0","0","0","0","0","2","3","4","0","1","0","0","0"
"2018","shoemma01","LAA","119","17","29","8","0","3","1","0","10","33","46","4","1","0","0","0"
"2018","shrevch01","NYY","149","23","39","8","1","8","0","0","18","46","73","1","1","0","2","0"
"2018","shrevch01","STL","54","5","14","3","0","3","2","0","9","16","26","2","0","0","2","0"
"2018","simslu01","ATL","43","9","12","2","0","2","0","0","8","10","20","0","1","0","0","1"
"2018","simslu01","CIN","19","4","3","1","0","1","1","0","5","6","7","0","1","0","0","0"
"2018","sippto01","HOU","135","8","27","10","1","1","0","2","13","42","42","3","1","0","2","0"
"2018","skaggty01","LAA","484","60","127","27","2","14","5","4","40","129","200","13","5","0","4","0"
"2018","skogler01","KCR","268","41","66","14","5","12","6","2","19","49","126","7","6","0","0","0"
"2018","slegeaa01","MIN","57","8","17","3","1","3","1","0","2","6","31","1","1","0","0","0"
"2018","smithbu03","KCR","308","60","90","16","1","15","4","1","40","77","153","6","4","2","4","2"
"2018","smithca03","MIA","286","36","63","16","1","10","2","4","33","88","111","3","3","2","2","2"
"2018","smithca02","BOS","58","6","14","1","2","2","4","0","6","18","25","0","0","0","0","0"
"2018","smithdr01","NYM","110","11","34","7","1","2","2","1","6","18","49","3","2","0","2","0"
"2018","smithjo05","HOU","164","20","34","5","1","7","3","2","12","46","62","4","2","0","2","0"
"2018","smithmu01","TOR","13","3","5","1","0","0","0","0","1","0","6","1","1","0","1","0"
"2018","smithwi04","SFG","191","18","37","8","0","3","4","0","15","71","54","1","0","2","2","4"
"2018","smokejo01","PIT","26","7","11","6","0","2","0","0","5","2","23","1","0","0","0","0"
"2018","smokejo01","DET","5","0","0","0","0","0","0","0","2","2","0","0","0","0","0","0"
"2018","smolija01","OAK","5","2","2","1","0","1","0","0","0","0","6","0","0","0","0","0"
"2018","snellbl01","TBR","630","41","112","27","1","16","13","4","64","221","189","15","1","2","3","2"
"2018","sneltdj01","SFG","23","6","9","0","0","2","1","0","3","4","15","0","0","0","0","0"
"2018","sobotch01","ATL","48","3","5","1","0","2","2","0","9","21","12","0","0","1","0","2"
"2018","socolmi01","ATL","23","6","8","3","1","0","1","0","2","4","13","0","0","0","0","0"
"2018","solissa01","WSN","155","28","43","8","2","7","2","2","18","44","76","3","4","0","0","1"
"2018","soriajo01","CHW","152","13","35","6","0","2","0","0","10","49","47","1","1","1","0","1"
"2018","soriajo01","MIL","84","11","18","5","2","2","2","0","6","26","33","3","1","0","0","0"
"2018","sorokmi01","ATL","104","14","30","10","0","1","1","0","7","21","43","3","0","1","1","0"
"2018","spangco01","SDP","9","3","4","1","0","0","0","0","3","0","5","1","0","0","0","0"
"2018","sparkgl01","KCR","155","20","47","11","2","3","0","1","15","27","71","1","1","0","5","3"
"2018","sprinje01","TEX","125","14","32","5","1","4","2","0","14","31","51","3","1","1","0","1"
"2018","stammcr01","SDP","294","25","65","18","0","3","5","0","17","88","92","6","3","2","1","3"
"2018","stanery01","TBR","235","23","45","9","1","8","4","3","27","81","80","5","1","0","0","1"
"2018","steckdr01","MIA","242","29","55","6","2","7","5","2","27","74","86","3","2","0","1","5"
"2018","stephja01","CIN","163","30","50","7","3","7","2","0","15","33","84","3","3","2","0","3"
"2018","stephro01","CIN","50","12","17","6","0","2","2","1","12","11","29","0","0","0","1","3"
"2018","stewabr01","LAD","76","15","23","3","1","4","0","0","9","14","40","1","2","1","1","3"
"2018","stewako01","MIN","138","16","34","8","0","1","2","1","18","24","45","6","3","0","0","0"
"2018","stockro01","SDP","150","13","37","5","0","1","1","4","13","38","45","3","2","1","0","1"
"2018","stouter01","KCR","14","7","7","2","0","2","0","0","2","2","15","0","0","0","0","0"
"2018","strahma01","SDP","219","16","39","8","1","6","3","2","21","69","67","2","3","1","1","1"
"2018","straida01","MIA","452","62","107","28","0","20","5","6","52","99","195","8","7","4","3","5"
"2018","strasst01","WSN","492","59","118","23","3","18","10","5","38","156","201","6","8","1","5","2"
"2018","stratch01","SFG","560","87","153","29","8","19","2","5","54","112","255","14","2","3","6","1"
"2018","strichu01","SFG","174","25","43","13","2","5","2","0","21","37","75","3","1","2","3","2"
"2018","stripro01","LAD","478","42","123","27","1","18","3","7","22","136","206","6","1","2","0","2"
"2018","stromma01","TOR","406","68","115","21","3","9","4","0","36","77","169","14","2","2","3","0"
"2018","stroppe01","CHC","212","15","38","8","0","4","0","0","21","57","58","7","5","1","1","3"
"2018","stumpda01","DET","154","23","44","10","2","5","7","1","16","37","73","2","0","1","2","1"
"2018","suarean01","SFG","606","85","163","25","7","23","4","3","45","130","271","22","3","5","6","1"
"2018","suarera01","PHI","62","14","21","2","1","3","0","0","6","11","34","4","0","1","0","1"
"2018","sucreje01","TBR","6","2","4","0","0","0","0","0","0","0","4","0","0","0","1","0"
"2018","suerowa01","WSN","179","20","43","12","3","4","6","3","15","47","73","1","4","1","1","2"
"2018","suterbr01","MIL","395","55","102","16","4","18","1","0","19","84","180","2","4","5","1","2"
"2018","swarzan01","NYM","100","18","28","1","1","6","1","3","14","31","49","2","1","0","1","0"
"2018","syndeno01","NYM","592","55","148","25","3","9","32","3","39","155","206","11","7","3","3","2"
"2018","taillja01","PIT","727","69","179","31","5","20","12","3","46","179","280","14","6","4","2","4"
"2018","tanakma01","NYY","588","68","141","32","0","25","7","2","35","159","248","13","7","3","2","0"
"2018","tarplst01","NYY","34","3","6","1","0","0","2","0","6","13","7","0","0","0","0","0"
"2018","taylobe10","CLE","24","4","6","2","0","2","0","0","1","8","14","0","0","0","0","0"
"2018","tazawju01","MIA","85","21","28","8","0","6","0","1","13","24","54","0","0","0","1","3"
"2018","tazawju01","LAA","31","3","7","4","0","1","0","0","3","4","14","0","0","1","0","0"
"2018","teherju01","ATL","623","80","122","25","4","26","19","6","84","162","233","8","9","3","5","3"
"2018","teperry01","TOR","232","27","55","14","1","9","8","3","24","68","98","6","4","0","3","1"
"2018","thompja03","PHI","61","10","14","6","0","1","1","0","11","14","23","1","0","3","1","2"
"2018","thornty01","BOS","95","15","28","1","2","6","2","1","10","21","51","3","1","0","1","0"
"2018","tillmch01","BAL","115","32","42","11","2","6","0","1","17","13","75","3","2","1","2","0"
"2018","toccica01","TEX","2","0","0","0","0","0","0","0","0","0","0","0","0","0","0","0"
"2018","tomlijo01","CLE","303","52","92","18","0","25","2","0","12","46","185","2","4","0","2","1"
"2018","torreca01","WSN","37","7","9","1","0","3","0","1","3","9","19","0","1","0","0","0"
"2018","toussto01","ATL","99","13","18","7","0","1","2","1","21","32","28","4","2","1","0","1"
"2018","treinbl01","OAK","291","12","46","6","0","2","7","0","21","100","58","4","1","1","0","3"
"2018","triggan01","OAK","160","24","37","8","0","7","5","0","18","43","66","2","3","0","1","0"
"2018","trivilo01","OAK","264","24","53","6","0","8","10","2","31","82","83","8","2","1","1","4"
"2018","tropeni01","LAA","281","41","68","17","2","16","1","3","31","64","137","7","2","0","2","2"
"2018","tsengje01","CHC","10","3","4","2","0","1","0","0","0","3","9","0","0","0","0","0"
"2018","tuivasa01","STL","128","14","35","7","0","3","2","0","11","26","51","4","2","2","1","2"
"2018","tuivasa01","SEA","20","1","6","1","1","0","1","1","1","4","9","1","0","0","0","0"
"2018","turnbsp01","DET","65","11","17","3","0","1","0","0","4","15","23","1","0","0","0","0"
"2018","turneja01","MIA","29","10","13","5","0","1","1","0","5","2","21","0","0","0","1","0"
"2018","turneja01","DET","10","7","6","0","0","1","2","0","1","1","9","0","0","0","0","0"
"2018","underdu01","CHC","13","1","2","0","0","1","0","0","3","3","5","1","0","0","0","0"
"2018","urenajo01","MIA","640","78","155","28","2","19","5","8","51","130","244","16","12","5","4","8"
"2018","uriasju01","LAD","13","0","1","0","0","0","0","0","0","7","1","0","0","0","0","0"
"2018","valdefr01","HOU","126","10","22","3","0","3","1","1","24","34","34","7","4","0","0","0"
"2018","valdejo03","SFG","23","7","8","0","0","3","1","0","1","4","17","0","0","0","0","0"
"2018","valenda01","BAL","1","0","0","0","0","0","0","0","0","1","0","0","0","0","0","0"
"2018","valenje01","PHI","5","3","2","1","0","1","0","0","2","1","6","0","0","0","0","0"
"2018","vargaja01","NYM","362","60","100","14","3","18","9","2","30","84","174","7","5","5","2","1"
"2018","vasquan02","MIN","21","4","5","1","1","0","0","0","2","7","8","0","3","0","0","0"
"2018","vastoje01","COL","5","3","3","1","1","0","1","0","1","1","6","0","0","0","0","0"
"2018","vastoje01","KCR","14","2","3","0","0","1","1","0","1","3","6","0","0","0","0","0"
"2018","riverfe01","PIT","271","24","63","12","0","4","4","0","24","89","87","4","1","0","0","2"
"2018","velasvi01","PHI","553","83","138","35","5","16","2","5","59","161","231","9","8","7","3","1"
"2018","velazhe01","BOS","335","35","97","17","2","7","5","3","26","53","139","12","7","0","2","1"
"2018","vendipa01","LAD","52","4","11","3","0","1","0","0","3","9","17","2","2","0","0","1"
"2018","ventejo01","TBR","52","6","11","3","0","1","0","0","6","11","17","1","0","0","0","1"
"2018","ventejo01","ATL","73","9","15","3","0","0","1","0","10","16","18","2","1","2","1","2"
"2018","verhadr01","DET","207","29","46","7","1","6","5","2","19","53","73","4","3","0","4","0"
"2018","verlaju01","HOU","781","63","156","31","5","28","3","4","37","290","281","3","8","2","5","0"
"2018","vieirth01","CHW","72","14","21","4","0","4","0","0","9","15","37","0","3","0","1","0"
"2018","vinceni01","SEA","218","28","50","7","2","7","2","0","15","56","82","1","3","1","2","4"
"2018","vizcaar01","ATL","141","9","30","8","0","4","0","0","15","40","50","3","2","0","0","1"
"2018","volstch01","CHW","196","35","65","16","0","9","3","1","12","29","108","7","3","1","3","1"
"2018","vothau01","WSN","47","9","12","0","0","3","0","0","6","11","21","0","0","1","1","0"
"2018","wachami01","STL","308","36","68","11","0","9","5","0","36","71","106","4","2","4","5","0"
"2018","wahlbo01","NYM","25","6","9","1","0","2","1","0","4","7","16","0","0","0","0","0"
"2018","wainwad01","STL","156","21","41","8","0","5","0","1","18","40","64","2","2","3","2","1"
"2018","waldema01","BOS","55","7","14","6","0","0","1","0","3","14","20","3","1","0","0","0"
"2018","walketa01","ARI","51","5","15","2","0","1","0","1","5","9","20","1","0","0","0","0"
"2018","warread01","NYY","114","9","26","5","0","3","3","1","12","37","40","0","1","0","1","0"
"2018","warread01","SEA","86","9","22","5","0","3","2","1","8","15","36","1","1","0","0","1"
"2018","watsoto01","SFG","241","19","54","10","2","4","3","0","14","72","80","5","1","3","2","3"
"2018","weavelu01","STL","542","83","150","24","4","19","1","0","54","121","239","9","3","9","1","2"
"2018","webbty01","SDP","21","7","6","2","0","2","0","0","3","4","14","0","0","0","0","0"
"2018","webbty01","STL","58","8","16","4","0","1","0","0","6","11","23","1","1","1","0","2"
"2018","weberry01","TBR","21","5","5","1","1","0","1","1","2","1","8","0","1","0","1","0"
"2018","webstal01","CHC","12","2","2","0","0","1","0","0","1","3","5","0","2","0","0","0"
"2018","weissza01","CIN","2","4","2","0","0","2","0","0","2","0","8","0","0","0","0","0"
"2018","wendejb01","OAK","57","1","8","2","0","1","0","0","5","14","13","1","0","0","0","0"
"2018","whalero01","SEA","13","0","1","0","0","0","0","0","1","0","1","0","0","0","0","0"
"2018","wheelza01","NYM","668","69","150","20","1","14","8","1","55","179","214","14","9","8","4","0"
"2018","whitlch01","ATL","5","2","2","1","0","1","0","0","1","1","6","0","0","0","0","0"
"2018","wickro01","SDP","37","6","13","3","1","1","1","0","1","7","21","1","0","0","0","0"
"2018","wieckbr01","SDP","24","1","3","1","0","1","0","0","0","10","7","0","0","0","0","0"
"2018","wilkeaa01","MIL","39","10","12","1","0","4","0","0","3","10","25","0","1","0","0","0"
"2018","williau01","WSN","37","6","10","1","0","5","0","0","6","8","26","0","0","1","0","2"
"2018","willita01","MIL","204","28","53","8","2","6","1","1","25","57","83","3","1","4","2","4"
"2018","willitr01","PIT","632","64","146","33","3","15","3","6","55","126","230","12","4","6","4","3"
"2018","wilsoal01","DET","224","24","50","7","1","8","0","3","15","43","83","4","2","2","2","2"
"2018","wilsobr02","ATL","26","5","8","4","0","0","1","0","6","6","12","2","0","0","1","2"
"2018","wilsoju10","CHC","202","22","45","11","0","5","1","2","33","69","71","5","0","0","1","1"
"2018","wingetr01","SDP","68","8","13","1","0","3","4","1","11","27","23","0","1","0","1","0"
"2018","winklda01","ATL","228","27","52","13","2","3","1","0","20","69","78","3","5","1","1","1"
"2018","wislema01","ATL","106","16","30","7","1","6","1","1","5","21","57","2","0","0","1","0"
"2018","wislema01","CIN","49","4","11","2","0","2","1","0","2","11","19","0","0","1","2","0"
"2018","wittgni01","MIA","130","13","29","8","1","1","0","1","15","31","42","1","1","1","1","3"
"2018","woodal02","LAD","579","70","143","25","0","14","5","2","40","135","210","14","8","3","7","5"
"2018","woodbl01","LAA","38","3","8","2","0","1","0","1","7","10","13","2","1","0","1","2"
"2018","woodhu01","TBR","159","17","42","4","2","4","2","1","18","42","62","2","0","1","1","1"
"2018","woodrbr01","MIL","159","18","36","5","1","4","2","0","14","47","55","3","2","0","1","0"
"2018","workmbr01","BOS","148","15","34","6","1","6","5","4","16","37","60","1","0","0","3","0"
"2018","wrighky01","ATL","22","3","4","0","0","2","1","0","6","5","10","0","0","0","0","0"
"2018","wrighmi01","BAL","338","55","101","16","2","12","1","1","36","74","157","6","7","1","6","1"
"2018","wrighst01","BOS","195","17","41","9","0","5","0","2","26","42","65","5","2","0","0","1"
"2018","yacabji01","BAL","153","25","40","6","1","8","1","0","18","33","72","3","5","1","0","1"
"2018","yarbrry01","TBR","568","70","140","41","0","18","8","2","50","128","235","10","8","1","1","6"
"2018","yateski01","SDP","226","15","41","4","0","6","5","1","17","90","63","2","4","0","3","0"
"2018","zagurmi01","MIL","8","7","5","1","2","0","0","0","2","2","10","0","0","0","0","1"
"2018","zamorda01","NYM","31","3","6","0","1","1","0","0","3","16","11","1","1","1","0","1"
"2018","zastrro01","CHC","21","3","6","2","0","0","2","0","4","3","8","0","1","0","0","0"
"2018","zieglbr01","MIA","193","25","49","7","1","7","0","1","17","37","79","11","2","0","1","4"
"2018","zieglbr01","ARI","83","9","22","4","0","1","1","0","8","13","29","3","0","0","1","2"
"2018","zimmejo02","DET","521","76","140","23","6","28","6","6","26","111","259","4","2","2","5","0"